Nome,Link
"La Badessa, Vincent",https://web.archive.org/web/20121007173056/http://www.nga.gov/cgi-bin/tsearch?artistid=4555
"La Boissiere, Simon de",https://web.archive.org/web/20121007173056/http://www.nga.gov/cgi-bin/tsearch?artistid=4556
"La Borde, Jean Benjamin de",https://web.archive.org/web/20121007173056/http://www.nga.gov/cgi-bin/tsearch?artistid=7019
"La Cave, Francois Morellon de",https://web.archive.org/web/20121007173056/http://www.nga.gov/cgi-bin/tsearch?artistid=6036
"La Fage, Nicolas-Raymond de",https://web.archive.org/web/20121007173056/http://www.nga.gov/cgi-bin/tsearch?artistid=2602
"La Farge, John",https://web.archive.org/web/20121007173056/http://www.nga.gov/cgi-bin/tsearch?artistid=1446
"La Farge, Thomas",https://web.archive.org/web/20121007173056/http://www.nga.gov/cgi-bin/tsearch?artistid=5744
"La Fontaine, Jean de",https://web.archive.org/web/20121007173056/http://www.nga.gov/cgi-bin/tsearch?artistid=7022
"La Foret, Eugene",https://web.archive.org/web/20121007173056/http://www.nga.gov/cgi-bin/tsearch?artistid=7745
"La Fosse, Charles de",https://web.archive.org/web/20121007173056/http://www.nga.gov/cgi-bin/tsearch?artistid=27434
"La Fresnaye, Roger de",https://web.archive.org/web/20121007173056/http://www.nga.gov/cgi-bin/tsearch?artistid=1448
"La Fresnaye, Roger-Noel-Francois de",https://web.archive.org/web/20121007173056/http://www.nga.gov/cgi-bin/tsearch?artistid=1448
"La Gandara, Antonio de",https://web.archive.org/web/20121007173056/http://www.nga.gov/cgi-bin/tsearch?artistid=19185
"La Guillermie, Frederic-Auguste",https://web.archive.org/web/20121007173056/http://www.nga.gov/cgi-bin/tsearch?artistid=4564
"La Harpe, Jean-Francois de",https://web.archive.org/web/20121007173056/http://www.nga.gov/cgi-bin/tsearch?artistid=7023
"La Hire, Laurent de",https://web.archive.org/web/20121007173056/http://www.nga.gov/cgi-bin/tsearch?artistid=5599
"La Hyre, Laurent de",https://web.archive.org/web/20121007173056/http://www.nga.gov/cgi-bin/tsearch?artistid=5599
"La Jeunesse, Ernest",https://web.archive.org/web/20121007173056/http://www.nga.gov/cgi-bin/tsearch?artistid=18400
"La More, Chet Harmon",https://web.archive.org/web/20121007173056/http://www.nga.gov/cgi-bin/tsearch?artistid=33670
"La Motte, Antoine Houdar de",https://web.archive.org/web/20121007173056/http://www.nga.gov/cgi-bin/tsearch?artistid=7024
"La Rochfoucauld, François, duc de",https://web.archive.org/web/20121007173056/http://www.nga.gov/cgi-bin/tsearch?artistid=7026
"La Rue, Hendrik de",https://web.archive.org/web/20121007173056/http://www.nga.gov/cgi-bin/tsearch?artistid=22211
"La Rue, Louis-Felix de",https://web.archive.org/web/20121007173056/http://www.nga.gov/cgi-bin/tsearch?artistid=6787
"La Serre, Jean Puget de",https://web.archive.org/web/20121007173056/http://www.nga.gov/cgi-bin/tsearch?artistid=7027
"La Tour, Claude du Menil de",https://web.archive.org/web/20121007173056/http://www.nga.gov/cgi-bin/tsearch?artistid=1461
"La Tour, Georges de",https://web.archive.org/web/20121007173056/http://www.nga.gov/cgi-bin/tsearch?artistid=1461
"La Tour, Georges du Mesnil de",https://web.archive.org/web/20121007173056/http://www.nga.gov/cgi-bin/tsearch?artistid=1461
"La Tour, Maurice-Quentin de",https://web.archive.org/web/20121007173056/http://www.nga.gov/cgi-bin/tsearch?artistid=1462
"Labacco, Antonio",https://web.archive.org/web/20121007173056/http://www.nga.gov/cgi-bin/tsearch?artistid=26860
"LaBadessa, Vincent",https://web.archive.org/web/20121010212842/http://www.nga.gov/cgi-bin/tsearch?artistid=33671
"Labille-Guiard, Adélaïde",https://web.archive.org/web/20121010212842/http://www.nga.gov/cgi-bin/tsearch?artistid=2549
Labille-Guyard,https://web.archive.org/web/20121010212842/http://www.nga.gov/cgi-bin/tsearch?artistid=2549
"Laborde, Alexandre, comte de",https://web.archive.org/web/20121010212842/http://www.nga.gov/cgi-bin/tsearch?artistid=11473
"Laborde, Alexandre de",https://web.archive.org/web/20121010212842/http://www.nga.gov/cgi-bin/tsearch?artistid=11473
"Laboureur, Jean-Émile",https://web.archive.org/web/20121010212842/http://www.nga.gov/cgi-bin/tsearch?artistid=4557
"Labruzzi, Carlo",https://web.archive.org/web/20121010212842/http://www.nga.gov/cgi-bin/tsearch?artistid=11615
"Lacey, Dorothy",https://web.archive.org/web/20121010212842/http://www.nga.gov/cgi-bin/tsearch?artistid=7743
"Lacey, Ninon",https://web.archive.org/web/20121010212842/http://www.nga.gov/cgi-bin/tsearch?artistid=4558
"Lachaise, Gaston",https://web.archive.org/web/20121010212842/http://www.nga.gov/cgi-bin/tsearch?artistid=6960
"Laclos, Pierre-Ambroise-Francois Choderlos de",https://web.archive.org/web/20121010212842/http://www.nga.gov/cgi-bin/tsearch?artistid=7020
"Lacombe, Georges",https://web.archive.org/web/20121010212842/http://www.nga.gov/cgi-bin/tsearch?artistid=2601
"Lacomblez, Jacques",https://web.archive.org/web/20121010212842/http://www.nga.gov/cgi-bin/tsearch?artistid=4559
"Lacourière, Roger",https://web.archive.org/web/20121010212842/http://www.nga.gov/cgi-bin/tsearch?artistid=19996
"Lacoursiere, Lucille",https://web.archive.org/web/20121010212842/http://www.nga.gov/cgi-bin/tsearch?artistid=7744
"Lacretelle, Jacques de",https://web.archive.org/web/20121010212842/http://www.nga.gov/cgi-bin/tsearch?artistid=14554
"Lacroix de Marles, Jean",https://web.archive.org/web/20121010212842/http://www.nga.gov/cgi-bin/tsearch?artistid=7021
"Lacy, Alma Lucile Land",https://web.archive.org/web/20121010212842/http://www.nga.gov/cgi-bin/tsearch?artistid=33672
"Ladany, Emory",https://web.archive.org/web/20121010212842/http://www.nga.gov/cgi-bin/tsearch?artistid=33673
"Ladenspelder, Johann",https://web.archive.org/web/20121010212842/http://www.nga.gov/cgi-bin/tsearch?artistid=4560
"Laderman, Gabriel",https://web.archive.org/web/20121010212842/http://www.nga.gov/cgi-bin/tsearch?artistid=6529
"Laer, Pieter Jacobsz van",https://web.archive.org/web/20121010212842/http://www.nga.gov/cgi-bin/tsearch?artistid=4561
"Laer, Pieter van",https://web.archive.org/web/20121010212842/http://www.nga.gov/cgi-bin/tsearch?artistid=4561
"Laessle, Paul",https://web.archive.org/web/20121010212842/http://www.nga.gov/cgi-bin/tsearch?artistid=33674
"Lafage, Raymond",https://web.archive.org/web/20121010212842/http://www.nga.gov/cgi-bin/tsearch?artistid=34403
"Lafon, Louis",https://web.archive.org/web/20121010212842/http://www.nga.gov/cgi-bin/tsearch?artistid=32750
"Lafontaine, Ludolf Ernst Andreas",https://web.archive.org/web/20121010212842/http://www.nga.gov/cgi-bin/tsearch?artistid=5860
"LaForgue, Jules",https://web.archive.org/web/20121010212842/http://www.nga.gov/cgi-bin/tsearch?artistid=10810
"Lafosse, Charles de",https://web.archive.org/web/20121010212842/http://www.nga.gov/cgi-bin/tsearch?artistid=27434
"Lafrensen II, Niclas",https://web.archive.org/web/20121010212848/http://www.nga.gov/cgi-bin/tsearch?artistid=4562
"Lafreri, Antonio",https://web.archive.org/web/20121010212848/http://www.nga.gov/cgi-bin/tsearch?artistid=25674
Lafréry,https://web.archive.org/web/20121010212848/http://www.nga.gov/cgi-bin/tsearch?artistid=25674
Lagarde,https://web.archive.org/web/20121010212848/http://www.nga.gov/cgi-bin/tsearch?artistid=6465
Lagneau,https://web.archive.org/web/20121010212848/http://www.nga.gov/cgi-bin/tsearch?artistid=2603
"Lagrenee, Jean Jacques",https://web.archive.org/web/20121010212848/http://www.nga.gov/cgi-bin/tsearch?artistid=4563
"Lagrenée, Louis Jean François",https://web.archive.org/web/20121010212848/http://www.nga.gov/cgi-bin/tsearch?artistid=31689
"Lahey, Richard",https://web.archive.org/web/20121010212848/http://www.nga.gov/cgi-bin/tsearch?artistid=5745
"Laib, Wolfgang",https://web.archive.org/web/20121010212848/http://www.nga.gov/cgi-bin/tsearch?artistid=29955
"Laigniel, Nicolas",https://web.archive.org/web/20121010212848/http://www.nga.gov/cgi-bin/tsearch?artistid=19585
"Laing, Gerald",https://web.archive.org/web/20121010212848/http://www.nga.gov/cgi-bin/tsearch?artistid=5848
"Lairesse, Gerard de",https://web.archive.org/web/20121010212848/http://www.nga.gov/cgi-bin/tsearch?artistid=4566
"Lalanne, Maxime",https://web.archive.org/web/20121010212848/http://www.nga.gov/cgi-bin/tsearch?artistid=2604
"Laliame, Philippe",https://web.archive.org/web/20121010212848/http://www.nga.gov/cgi-bin/tsearch?artistid=2142
"Lallemand, Georges",https://web.archive.org/web/20121010212848/http://www.nga.gov/cgi-bin/tsearch?artistid=5854
"Lallemand, Jean-Baptiste",https://web.archive.org/web/20121010212848/http://www.nga.gov/cgi-bin/tsearch?artistid=5298
"Lalyame, Philibert",https://web.archive.org/web/20121010212848/http://www.nga.gov/cgi-bin/tsearch?artistid=2142
"Lalyame, Philippe",https://web.archive.org/web/20121010212848/http://www.nga.gov/cgi-bin/tsearch?artistid=2142
"Lamb, A.A.",https://web.archive.org/web/20121010212848/http://www.nga.gov/cgi-bin/tsearch?artistid=1451
"Lambdin, George Cochran",https://web.archive.org/web/20121010212848/http://www.nga.gov/cgi-bin/tsearch?artistid=27447
"Lambdin, James Reid",https://web.archive.org/web/20121010212848/http://www.nga.gov/cgi-bin/tsearch?artistid=1452
"Lambert, Maurice de",https://web.archive.org/web/20121010212848/http://www.nga.gov/cgi-bin/tsearch?artistid=17815
"Lambla, June",https://web.archive.org/web/20121010212848/http://www.nga.gov/cgi-bin/tsearch?artistid=26545
"Lambrecht, Laurie",https://web.archive.org/web/20121010212848/http://www.nga.gov/cgi-bin/tsearch?artistid=36345
"Lamey, T.",https://web.archive.org/web/20121010212848/http://www.nga.gov/cgi-bin/tsearch?artistid=5625
"Lameyer y Berenguer, Francisco",https://web.archive.org/web/20121010212848/http://www.nga.gov/cgi-bin/tsearch?artistid=4567
"Lami, Eugène Louis",https://web.archive.org/web/20121010212848/http://www.nga.gov/cgi-bin/tsearch?artistid=13926
"Lamont, Martin",https://web.archive.org/web/20121010212848/http://www.nga.gov/cgi-bin/tsearch?artistid=8263
Lamourette,https://web.archive.org/web/20121010212848/http://www.nga.gov/cgi-bin/tsearch?artistid=24024
"Lampsonius, Dominique",https://web.archive.org/web/20121010212946/http://www.nga.gov/cgi-bin/tsearch?artistid=6263
"Lamr, Ales",https://web.archive.org/web/20121010212946/http://www.nga.gov/cgi-bin/tsearch?artistid=24840
"Lana, Lodovico",https://web.archive.org/web/20121010212946/http://www.nga.gov/cgi-bin/tsearch?artistid=4568
"Lancaster, Mark",https://web.archive.org/web/20121010212946/http://www.nga.gov/cgi-bin/tsearch?artistid=30248
"Lancaster, Percy",https://web.archive.org/web/20121010212946/http://www.nga.gov/cgi-bin/tsearch?artistid=4569
"Lanceley, Colin",https://web.archive.org/web/20121010212946/http://www.nga.gov/cgi-bin/tsearch?artistid=6653
"Lancret, Nicolas",https://web.archive.org/web/20121010212946/http://www.nga.gov/cgi-bin/tsearch?artistid=1454
"Landacre, Paul Hambelton",https://web.archive.org/web/20121010212946/http://www.nga.gov/cgi-bin/tsearch?artistid=4570
"Landau, Jacob",https://web.archive.org/web/20121010212946/http://www.nga.gov/cgi-bin/tsearch?artistid=4571
"Lande, Willem van",https://web.archive.org/web/20121010212946/http://www.nga.gov/cgi-bin/tsearch?artistid=25701
"Landeck, Armin",https://web.archive.org/web/20121010212946/http://www.nga.gov/cgi-bin/tsearch?artistid=4572
"Landen, Willem van",https://web.archive.org/web/20121010212946/http://www.nga.gov/cgi-bin/tsearch?artistid=25701
"Lander, Benjamin",https://web.archive.org/web/20121010212946/http://www.nga.gov/cgi-bin/tsearch?artistid=33675
"Landers, Bertha Mae",https://web.archive.org/web/20121010212946/http://www.nga.gov/cgi-bin/tsearch?artistid=33677
"Landfield, Ronnie",https://web.archive.org/web/20121010212946/http://www.nga.gov/cgi-bin/tsearch?artistid=10493
"Landi, Antonio Giuseppe",https://web.archive.org/web/20121010212946/http://www.nga.gov/cgi-bin/tsearch?artistid=4573
"Landi, Giuseppe Antonio",https://web.archive.org/web/20121010212946/http://www.nga.gov/cgi-bin/tsearch?artistid=4573
"Landi, Neroccio di Bartolomeo Benedetto de'",https://web.archive.org/web/20121010212946/http://www.nga.gov/cgi-bin/tsearch?artistid=1750
"Landini, D.",https://web.archive.org/web/20121010212946/http://www.nga.gov/cgi-bin/tsearch?artistid=25669
"Landis, John",https://web.archive.org/web/20121010212946/http://www.nga.gov/cgi-bin/tsearch?artistid=2605
"Landon, Edward August",https://web.archive.org/web/20121010212946/http://www.nga.gov/cgi-bin/tsearch?artistid=26061
"Landon, Edward August",https://web.archive.org/web/20121010212946/http://www.nga.gov/cgi-bin/tsearch?artistid=26061
"Landon, Rebecca",https://web.archive.org/web/20121010212946/http://www.nga.gov/cgi-bin/tsearch?artistid=2607
"Landry, Pierre",https://web.archive.org/web/20121010212946/http://www.nga.gov/cgi-bin/tsearch?artistid=10709
"Landseer, Edwin Henry Sir",https://web.archive.org/web/20121010212946/http://www.nga.gov/cgi-bin/tsearch?artistid=5978
"Landseer, Edwin, Sir",https://web.archive.org/web/20121010212946/http://www.nga.gov/cgi-bin/tsearch?artistid=5978
"Landy, Art",https://web.archive.org/web/20121010212946/http://www.nga.gov/cgi-bin/tsearch?artistid=33678
"Lane, Fitz Henry",https://web.archive.org/web/20121010212946/http://www.nga.gov/cgi-bin/tsearch?artistid=1456
"Lane, Fitz Hugh",https://web.archive.org/web/20121010212946/http://www.nga.gov/cgi-bin/tsearch?artistid=1456
"Lane, Lois",https://web.archive.org/web/20121010212818/http://www.nga.gov/cgi-bin/tsearch?artistid=9699
"Lane, Richard James",https://web.archive.org/web/20121010212818/http://www.nga.gov/cgi-bin/tsearch?artistid=6088
"Lane, Rosalia",https://web.archive.org/web/20121010212818/http://www.nga.gov/cgi-bin/tsearch?artistid=7746
"Lane, Samuel",https://web.archive.org/web/20121010212818/http://www.nga.gov/cgi-bin/tsearch?artistid=4574
"Lanfair, Harriet Keese",https://web.archive.org/web/20121010212818/http://www.nga.gov/cgi-bin/tsearch?artistid=33679
"Lanfranco, Giovanni",https://web.archive.org/web/20121010212818/http://www.nga.gov/cgi-bin/tsearch?artistid=2608
"Lanfranco, Giovanni di Stefano",https://web.archive.org/web/20121010212818/http://www.nga.gov/cgi-bin/tsearch?artistid=2608
"Lang, David",https://web.archive.org/web/20121010212818/http://www.nga.gov/cgi-bin/tsearch?artistid=4575
"Lang, John",https://web.archive.org/web/20121010212818/http://www.nga.gov/cgi-bin/tsearch?artistid=7747
"Lang, William",https://web.archive.org/web/20121010212818/http://www.nga.gov/cgi-bin/tsearch?artistid=7748
Lang Shih-ning,https://web.archive.org/web/20121010212818/http://www.nga.gov/cgi-bin/tsearch?artistid=3706
"Lang, the Elder, Hans Kaspar",https://web.archive.org/web/20121010212818/http://www.nga.gov/cgi-bin/tsearch?artistid=33266
"Lange, Otto",https://web.archive.org/web/20121010212818/http://www.nga.gov/cgi-bin/tsearch?artistid=35315
"Langenheim, Frederick",https://web.archive.org/web/20121010212818/http://www.nga.gov/cgi-bin/tsearch?artistid=13500
"Langenheim, William",https://web.archive.org/web/20121010212818/http://www.nga.gov/cgi-bin/tsearch?artistid=13499
"Langhans, Carl Gotthard",https://web.archive.org/web/20121010212818/http://www.nga.gov/cgi-bin/tsearch?artistid=6706
"Langhans, Karl",https://web.archive.org/web/20121010212818/http://www.nga.gov/cgi-bin/tsearch?artistid=6853
"Langhans, Karl Ferdinand",https://web.archive.org/web/20121010212818/http://www.nga.gov/cgi-bin/tsearch?artistid=6853
"Langlois, François",https://web.archive.org/web/20121010212818/http://www.nga.gov/cgi-bin/tsearch?artistid=10737
"Langlois, Juan Carlos",https://web.archive.org/web/20121010212818/http://www.nga.gov/cgi-bin/tsearch?artistid=4576
"Langlois, Nicolas",https://web.archive.org/web/20121010212818/http://www.nga.gov/cgi-bin/tsearch?artistid=11474
"Langlois, Pierre Gabriel",https://web.archive.org/web/20121010212818/http://www.nga.gov/cgi-bin/tsearch?artistid=6153
"Langlois, Polycles",https://web.archive.org/web/20121010212818/http://www.nga.gov/cgi-bin/tsearch?artistid=4577
"Langridge, James L.",https://web.archive.org/web/20121010212818/http://www.nga.gov/cgi-bin/tsearch?artistid=6466
"Lanier, Ruth Asawa",https://web.archive.org/web/20121010212818/http://www.nga.gov/cgi-bin/tsearch?artistid=2924
"Laning, Edward",https://web.archive.org/web/20121010212818/http://www.nga.gov/cgi-bin/tsearch?artistid=33680
"Lankes, Julius J.",https://web.archive.org/web/20121010212818/http://www.nga.gov/cgi-bin/tsearch?artistid=4578
"Lanneau, Nicolas",https://web.archive.org/web/20121010212818/http://www.nga.gov/cgi-bin/tsearch?artistid=2603
"Lanoüe, Félix-Hippolyte",https://web.archive.org/web/20121010212818/http://www.nga.gov/cgi-bin/tsearch?artistid=28431
"Lanscher, Martha L.",https://web.archive.org/web/20121010212827/http://www.nga.gov/cgi-bin/tsearch?artistid=7589
"Lansing, Cooper Nott",https://web.archive.org/web/20121010212827/http://www.nga.gov/cgi-bin/tsearch?artistid=33681
"Lansing, Margaret Hunt",https://web.archive.org/web/20121010212827/http://www.nga.gov/cgi-bin/tsearch?artistid=33682
"Lansyer, Emmanuel",https://web.archive.org/web/20121010212827/http://www.nga.gov/cgi-bin/tsearch?artistid=6799
L'Antico,https://web.archive.org/web/20121010212827/http://www.nga.gov/cgi-bin/tsearch?artistid=2004
"Lantow, David",https://web.archive.org/web/20121010212827/http://www.nga.gov/cgi-bin/tsearch?artistid=19947
"Lantz, Juanita",https://web.archive.org/web/20121010212827/http://www.nga.gov/cgi-bin/tsearch?artistid=7749
"Lanus, Jose Maria",https://web.archive.org/web/20121010212827/http://www.nga.gov/cgi-bin/tsearch?artistid=6583
"Lanyon, Ellen",https://web.archive.org/web/20121010212827/http://www.nga.gov/cgi-bin/tsearch?artistid=33683
"Lanzani, Polidoro",https://web.archive.org/web/20121010212827/http://www.nga.gov/cgi-bin/tsearch?artistid=5765
"Lanzedelly, Josef",https://web.archive.org/web/20121010212827/http://www.nga.gov/cgi-bin/tsearch?artistid=4579
"Lapicque, Charles",https://web.archive.org/web/20121010212827/http://www.nga.gov/cgi-bin/tsearch?artistid=4580
Lapierre,https://web.archive.org/web/20121010212827/http://www.nga.gov/cgi-bin/tsearch?artistid=21937
"Lapinski, Tadeusz",https://web.archive.org/web/20121010212827/http://www.nga.gov/cgi-bin/tsearch?artistid=4581
"Laporte, John",https://web.archive.org/web/20121010212827/http://www.nga.gov/cgi-bin/tsearch?artistid=4583
"Lappe, Phyllis De (Pele)",https://web.archive.org/web/20121010212827/http://www.nga.gov/cgi-bin/tsearch?artistid=33350
"Laprade, Pierre",https://web.archive.org/web/20121010212827/http://www.nga.gov/cgi-bin/tsearch?artistid=4584
"Larciani, Giovanni",https://web.archive.org/web/20121010212827/http://www.nga.gov/cgi-bin/tsearch?artistid=1696
"Larciani, Giovanni di Lorenzo",https://web.archive.org/web/20121010212827/http://www.nga.gov/cgi-bin/tsearch?artistid=1696
"Larciani (Master of the Kress Landscapes), Giovanni",https://web.archive.org/web/20121010212827/http://www.nga.gov/cgi-bin/tsearch?artistid=1696
"Larez, Francisco",https://web.archive.org/web/20121010212827/http://www.nga.gov/cgi-bin/tsearch?artistid=4585
"Largillière, Nicolas de",https://web.archive.org/web/20121010212827/http://www.nga.gov/cgi-bin/tsearch?artistid=1458
"Largillierre, Nicolas de",https://web.archive.org/web/20121010212827/http://www.nga.gov/cgi-bin/tsearch?artistid=1458
"Larionov, Mikhail",https://web.archive.org/web/20121010212827/http://www.nga.gov/cgi-bin/tsearch?artistid=4586
"Larionov, Mikhail Fedorovich",https://web.archive.org/web/20121010212827/http://www.nga.gov/cgi-bin/tsearch?artistid=4586
"Larkin, Eugene",https://web.archive.org/web/20121010212827/http://www.nga.gov/cgi-bin/tsearch?artistid=4587
"Larmessin IV, Nicolas de",https://web.archive.org/web/20121010212827/http://www.nga.gov/cgi-bin/tsearch?artistid=4588
"Laroche, Henry Jean",https://web.archive.org/web/20121010212827/http://www.nga.gov/cgi-bin/tsearch?artistid=7025
"Laroon II, Marcellus",https://web.archive.org/web/20121010212827/http://www.nga.gov/cgi-bin/tsearch?artistid=2609
"Larsen, Nils Paul",https://web.archive.org/web/20121010212942/http://www.nga.gov/cgi-bin/tsearch?artistid=33684
"Larson, Carol",https://web.archive.org/web/20121010212942/http://www.nga.gov/cgi-bin/tsearch?artistid=7751
"Larsson, Carl",https://web.archive.org/web/20121010212942/http://www.nga.gov/cgi-bin/tsearch?artistid=27889
"Lartigue, Jacques-Henri",https://web.archive.org/web/20121010212942/http://www.nga.gov/cgi-bin/tsearch?artistid=13543
"Larzelere, Fanchon",https://web.archive.org/web/20121010212942/http://www.nga.gov/cgi-bin/tsearch?artistid=7752
"Lasansky, Leonardo",https://web.archive.org/web/20121010212942/http://www.nga.gov/cgi-bin/tsearch?artistid=6096
"Lasansky, Leonardo da Iowa",https://web.archive.org/web/20121010212942/http://www.nga.gov/cgi-bin/tsearch?artistid=6096
"Lasansky, Mauricio",https://web.archive.org/web/20121010212942/http://www.nga.gov/cgi-bin/tsearch?artistid=4590
"Lasinio, Carlo",https://web.archive.org/web/20121010212942/http://www.nga.gov/cgi-bin/tsearch?artistid=4591
"Lasne, Michel",https://web.archive.org/web/20121010212942/http://www.nga.gov/cgi-bin/tsearch?artistid=5642
"Lasry, David",https://web.archive.org/web/20121010212942/http://www.nga.gov/cgi-bin/tsearch?artistid=21067
"Lasry, David Paul",https://web.archive.org/web/20121010212942/http://www.nga.gov/cgi-bin/tsearch?artistid=21067
"Lassaw, Ibram",https://web.archive.org/web/20121010212942/http://www.nga.gov/cgi-bin/tsearch?artistid=2143
"Lassen, Ben",https://web.archive.org/web/20121010212942/http://www.nga.gov/cgi-bin/tsearch?artistid=7753
"Lasuchin, Victor",https://web.archive.org/web/20121010212942/http://www.nga.gov/cgi-bin/tsearch?artistid=4592
"Laszlo, Fulop Elek von",https://web.archive.org/web/20121010212942/http://www.nga.gov/cgi-bin/tsearch?artistid=1460
"Laszlo, Philip Alexius de",https://web.archive.org/web/20121010212942/http://www.nga.gov/cgi-bin/tsearch?artistid=1460
"Laszlo de Lombos, Philip Alexius",https://web.archive.org/web/20121010212942/http://www.nga.gov/cgi-bin/tsearch?artistid=1460
"Lata, Jirí",https://web.archive.org/web/20121010212942/http://www.nga.gov/cgi-bin/tsearch?artistid=30345
"Latham, Barbara",https://web.archive.org/web/20121010212942/http://www.nga.gov/cgi-bin/tsearch?artistid=33685
"Lathrop, Dorothy Pulis",https://web.archive.org/web/20121010212942/http://www.nga.gov/cgi-bin/tsearch?artistid=4582
"Lathrop, William Langson",https://web.archive.org/web/20121010212942/http://www.nga.gov/cgi-bin/tsearch?artistid=33686
"Latour, Georges de",https://web.archive.org/web/20121010212942/http://www.nga.gov/cgi-bin/tsearch?artistid=1461
"Lattré, Jean",https://web.archive.org/web/20121010212942/http://www.nga.gov/cgi-bin/tsearch?artistid=4593
"Lau, Dorothea",https://web.archive.org/web/20121010212942/http://www.nga.gov/cgi-bin/tsearch?artistid=34247
"Lauber, Joseph",https://web.archive.org/web/20121010212942/http://www.nga.gov/cgi-bin/tsearch?artistid=33687
"Lauderdale, Ursula",https://web.archive.org/web/20121010212942/http://www.nga.gov/cgi-bin/tsearch?artistid=7754
"Laufrová, Alena",https://web.archive.org/web/20121010212942/http://www.nga.gov/cgi-bin/tsearch?artistid=24867
"Laugé, Achille",https://web.archive.org/web/20121010212942/http://www.nga.gov/cgi-bin/tsearch?artistid=22914
"Laujon, Pierre",https://web.archive.org/web/20121010212815/http://www.nga.gov/cgi-bin/tsearch?artistid=7028
Launay,https://web.archive.org/web/20121010212815/http://www.nga.gov/cgi-bin/tsearch?artistid=21938
"Launay, Nicolas de",https://web.archive.org/web/20121010212815/http://www.nga.gov/cgi-bin/tsearch?artistid=3896
"Launay, Robert de",https://web.archive.org/web/20121010212815/http://www.nga.gov/cgi-bin/tsearch?artistid=3897
"Laurana, Francesco",https://web.archive.org/web/20121010212815/http://www.nga.gov/cgi-bin/tsearch?artistid=2145
"Laurence, Samuel",https://web.archive.org/web/20121010212815/http://www.nga.gov/cgi-bin/tsearch?artistid=6420
"Laurencin, Marie",https://web.archive.org/web/20121010212815/http://www.nga.gov/cgi-bin/tsearch?artistid=1464
"Laurens, Henri",https://web.archive.org/web/20121010212815/http://www.nga.gov/cgi-bin/tsearch?artistid=2610
"Laurens, Jules",https://web.archive.org/web/20121010212815/http://www.nga.gov/cgi-bin/tsearch?artistid=4595
"Laurens, Jules-Joseph-Auguste",https://web.archive.org/web/20121010212815/http://www.nga.gov/cgi-bin/tsearch?artistid=4595
"Laurent, Juan",https://web.archive.org/web/20121010212815/http://www.nga.gov/cgi-bin/tsearch?artistid=29567
"Laurent, Robert",https://web.archive.org/web/20121010212815/http://www.nga.gov/cgi-bin/tsearch?artistid=15760
"Lauretano, Michael",https://web.archive.org/web/20121010212815/http://www.nga.gov/cgi-bin/tsearch?artistid=7755
"Lauri, Giacomo",https://web.archive.org/web/20121010212815/http://www.nga.gov/cgi-bin/tsearch?artistid=11558
"Laurie, Robert",https://web.archive.org/web/20121010212815/http://www.nga.gov/cgi-bin/tsearch?artistid=26269
"Lauschmann, Jan",https://web.archive.org/web/20121010212815/http://www.nga.gov/cgi-bin/tsearch?artistid=29063
"Lautensack, Hans Sebald",https://web.archive.org/web/20121010212815/http://www.nga.gov/cgi-bin/tsearch?artistid=4596
"Lauterbach, Paul",https://web.archive.org/web/20121010212815/http://www.nga.gov/cgi-bin/tsearch?artistid=7756
"Lautrec Monfa, Henri Marie Raymond de Toulouse",https://web.archive.org/web/20121010212815/http://www.nga.gov/cgi-bin/tsearch?artistid=1935
"Lauwers, Nicolaes",https://web.archive.org/web/20121010212815/http://www.nga.gov/cgi-bin/tsearch?artistid=5648
"Lavalle, John",https://web.archive.org/web/20121010212815/http://www.nga.gov/cgi-bin/tsearch?artistid=2611
"Lavallée, Joseph",https://web.archive.org/web/20121010212815/http://www.nga.gov/cgi-bin/tsearch?artistid=11475
"Lavallée-Poussin, Étienne de",https://web.archive.org/web/20121010212815/http://www.nga.gov/cgi-bin/tsearch?artistid=6930
"Lavenson, Alma",https://web.archive.org/web/20121010212815/http://www.nga.gov/cgi-bin/tsearch?artistid=23824
"Lavier, Bertrand",https://web.archive.org/web/20121010212815/http://www.nga.gov/cgi-bin/tsearch?artistid=20540
"Lavreince, Nicolas",https://web.archive.org/web/20121010212815/http://www.nga.gov/cgi-bin/tsearch?artistid=4562
"Law, David",https://web.archive.org/web/20121010212815/http://www.nga.gov/cgi-bin/tsearch?artistid=35499
"Law III, William",https://web.archive.org/web/20121010212815/http://www.nga.gov/cgi-bin/tsearch?artistid=5788
"Lawrence, Edna W.",https://web.archive.org/web/20121010212815/http://www.nga.gov/cgi-bin/tsearch?artistid=33688
"Lawrence, Jacob",https://web.archive.org/web/20121010212800/http://www.nga.gov/cgi-bin/tsearch?artistid=1468
"Lawrence, Jacob Mrs.",https://web.archive.org/web/20121010212800/http://www.nga.gov/cgi-bin/tsearch?artistid=797
"Lawrence, Thomas, Sir",https://web.archive.org/web/20121010212800/http://www.nga.gov/cgi-bin/tsearch?artistid=1472
"Lawson, Alexander",https://web.archive.org/web/20121010212800/http://www.nga.gov/cgi-bin/tsearch?artistid=4599
"Lawson, Irene",https://web.archive.org/web/20121010212800/http://www.nga.gov/cgi-bin/tsearch?artistid=7757
"Lawson, James M.",https://web.archive.org/web/20121010212800/http://www.nga.gov/cgi-bin/tsearch?artistid=7758
"Lawson, Thomas B.",https://web.archive.org/web/20121010212800/http://www.nga.gov/cgi-bin/tsearch?artistid=1473
"Lawson, Thomas Bayley",https://web.archive.org/web/20121010212800/http://www.nga.gov/cgi-bin/tsearch?artistid=1473
"Lazzari, Antonio",https://web.archive.org/web/20121010212800/http://www.nga.gov/cgi-bin/tsearch?artistid=35453
"Lazzari, Pietro",https://web.archive.org/web/20121010212800/http://www.nga.gov/cgi-bin/tsearch?artistid=33689
"Le Barbier, Jean-Jacques-François",https://web.archive.org/web/20121010212800/http://www.nga.gov/cgi-bin/tsearch?artistid=26833
"Le Barbier I, Jean-Jacques-François",https://web.archive.org/web/20121010212800/http://www.nga.gov/cgi-bin/tsearch?artistid=2613
"Le Bas, Jacques-Philippe",https://web.archive.org/web/20121010212800/http://www.nga.gov/cgi-bin/tsearch?artistid=4601
"Le Beau, Pierre Adrien",https://web.archive.org/web/20121010212800/http://www.nga.gov/cgi-bin/tsearch?artistid=4602
"Le Blanc, Jean",https://web.archive.org/web/20121010212800/http://www.nga.gov/cgi-bin/tsearch?artistid=21708
"Le Blon, Jacob Christoph",https://web.archive.org/web/20121010212800/http://www.nga.gov/cgi-bin/tsearch?artistid=4605
"Le Blon, Jakob Christoffel",https://web.archive.org/web/20121010212800/http://www.nga.gov/cgi-bin/tsearch?artistid=4605
"Le Blon, Michel",https://web.archive.org/web/20121010212800/http://www.nga.gov/cgi-bin/tsearch?artistid=4606
"Le Blond, Alexandre",https://web.archive.org/web/20121010212800/http://www.nga.gov/cgi-bin/tsearch?artistid=11616
"Le Blond, Jean",https://web.archive.org/web/20121010212800/http://www.nga.gov/cgi-bin/tsearch?artistid=4607
"Le Blondel, Alphonse",https://web.archive.org/web/20121010212800/http://www.nga.gov/cgi-bin/tsearch?artistid=13400
"Le Bouteux, Michel",https://web.archive.org/web/20121010212800/http://www.nga.gov/cgi-bin/tsearch?artistid=4608
"Le Brun, Charles",https://web.archive.org/web/20121010212800/http://www.nga.gov/cgi-bin/tsearch?artistid=4609
"Le Brun, Jean-Baptiste-Pierre",https://web.archive.org/web/20121010212800/http://www.nga.gov/cgi-bin/tsearch?artistid=2614
"Le Campion, fils",https://web.archive.org/web/20121010212800/http://www.nga.gov/cgi-bin/tsearch?artistid=4611
"Le Carpentier, Charles",https://web.archive.org/web/20121010212800/http://www.nga.gov/cgi-bin/tsearch?artistid=6931
"Le Clerc, Jacques Sébastien",https://web.archive.org/web/20121010212800/http://www.nga.gov/cgi-bin/tsearch?artistid=4613
"Le Clerc, Jean",https://web.archive.org/web/20121010212800/http://www.nga.gov/cgi-bin/tsearch?artistid=4614
"Le Clerc, Nicolas",https://web.archive.org/web/20121010212800/http://www.nga.gov/cgi-bin/tsearch?artistid=2146
"Le Clerc, Pierre Thomas",https://web.archive.org/web/20121010212916/http://www.nga.gov/cgi-bin/tsearch?artistid=4615
"Le Clerc I, Sébastien",https://web.archive.org/web/20121010212916/http://www.nga.gov/cgi-bin/tsearch?artistid=4616
"Le Clerc II, Sébastien",https://web.archive.org/web/20121010212916/http://www.nga.gov/cgi-bin/tsearch?artistid=20024
"Le Coeur, Louis",https://web.archive.org/web/20121010212916/http://www.nga.gov/cgi-bin/tsearch?artistid=4617
"Le Comte, Marguerite",https://web.archive.org/web/20121010212916/http://www.nga.gov/cgi-bin/tsearch?artistid=26370
Le Corbusier,https://web.archive.org/web/20121010212916/http://www.nga.gov/cgi-bin/tsearch?artistid=11554
"Le Court, Giusto",https://web.archive.org/web/20121010212916/http://www.nga.gov/cgi-bin/tsearch?artistid=2147
"Le Febvre, François",https://web.archive.org/web/20121010212916/http://www.nga.gov/cgi-bin/tsearch?artistid=4625
"Le Gouaz, Yves-Marie",https://web.archive.org/web/20121010212916/http://www.nga.gov/cgi-bin/tsearch?artistid=4630
"Le Gray, Gustave",https://web.archive.org/web/20121010212916/http://www.nga.gov/cgi-bin/tsearch?artistid=16386
"Le Gros I, Pierre",https://web.archive.org/web/20121010212916/http://www.nga.gov/cgi-bin/tsearch?artistid=2149
"le Lorrain, Claude",https://web.archive.org/web/20121010212916/http://www.nga.gov/cgi-bin/tsearch?artistid=1145
"Le Lorrain, Louis-Joseph",https://web.archive.org/web/20121010212916/http://www.nga.gov/cgi-bin/tsearch?artistid=4642
"Le Lorrain, Robert",https://web.archive.org/web/20121010212916/http://www.nga.gov/cgi-bin/tsearch?artistid=2151
"Le Maistre de Sacy, Isaac-Louis",https://web.archive.org/web/20121010212916/http://www.nga.gov/cgi-bin/tsearch?artistid=34623
"Le Mire, Noël",https://web.archive.org/web/20121010212916/http://www.nga.gov/cgi-bin/tsearch?artistid=4646
"Le Moine, François",https://web.archive.org/web/20121010212916/http://www.nga.gov/cgi-bin/tsearch?artistid=6641
"Le Moine, Jean",https://web.archive.org/web/20121010212916/http://www.nga.gov/cgi-bin/tsearch?artistid=21146
"le Morvan, Charles",https://web.archive.org/web/20121010212916/http://www.nga.gov/cgi-bin/tsearch?artistid=30434
"Le Moyne, François",https://web.archive.org/web/20121010212916/http://www.nga.gov/cgi-bin/tsearch?artistid=6641
"Le Muet, Pierre",https://web.archive.org/web/20121010212916/http://www.nga.gov/cgi-bin/tsearch?artistid=11555
"Le Nain, Louis",https://web.archive.org/web/20121010212916/http://www.nga.gov/cgi-bin/tsearch?artistid=1478
"Le Paon, Jean-Baptiste",https://web.archive.org/web/20121010212916/http://www.nga.gov/cgi-bin/tsearch?artistid=2621
"Le Paon, Louis",https://web.archive.org/web/20121010212916/http://www.nga.gov/cgi-bin/tsearch?artistid=2621
"Le Pautre, Jean",https://web.archive.org/web/20121010212916/http://www.nga.gov/cgi-bin/tsearch?artistid=4654
"Le Prince, Jean-Baptiste",https://web.archive.org/web/20121010212916/http://www.nga.gov/cgi-bin/tsearch?artistid=2623
"le Robert, P.",https://web.archive.org/web/20121010212916/http://www.nga.gov/cgi-bin/tsearch?artistid=23940
"Le Roy, Jacques",https://web.archive.org/web/20121010212916/http://www.nga.gov/cgi-bin/tsearch?artistid=4660
"Le Roy, Julien David",https://web.archive.org/web/20121010212916/http://www.nga.gov/cgi-bin/tsearch?artistid=11351
"Le Secq, Henri",https://web.archive.org/web/20121010212841/http://www.nga.gov/cgi-bin/tsearch?artistid=13404
"Le Sidaner, Henri Eugéne",https://web.archive.org/web/20121010212841/http://www.nga.gov/cgi-bin/tsearch?artistid=23941
"Le Sueur, Eustache",https://web.archive.org/web/20121010212841/http://www.nga.gov/cgi-bin/tsearch?artistid=6828
"Le Sueur, Nicolas",https://web.archive.org/web/20121010212841/http://www.nga.gov/cgi-bin/tsearch?artistid=10647
"Le Sueur, Pierre",https://web.archive.org/web/20121010212841/http://www.nga.gov/cgi-bin/tsearch?artistid=5986
"Le Tellier, Charles Francois",https://web.archive.org/web/20121010212841/http://www.nga.gov/cgi-bin/tsearch?artistid=4690
"Le Va, Barry",https://web.archive.org/web/20121010212841/http://www.nga.gov/cgi-bin/tsearch?artistid=27185
"Le Vacher de Charnois, Jean Charles",https://web.archive.org/web/20121010212841/http://www.nga.gov/cgi-bin/tsearch?artistid=7032
"Le Veau, Jean Jacques",https://web.archive.org/web/20121010212841/http://www.nga.gov/cgi-bin/tsearch?artistid=4695
"Le Vilain, Gerard Rene",https://web.archive.org/web/20121010212841/http://www.nga.gov/cgi-bin/tsearch?artistid=4698
"Le Villain, Gerard Rene",https://web.archive.org/web/20121010212841/http://www.nga.gov/cgi-bin/tsearch?artistid=4698
"Leachman, Kristen",https://web.archive.org/web/20121010212841/http://www.nga.gov/cgi-bin/tsearch?artistid=31555
"Leadbetter, Stiff",https://web.archive.org/web/20121010212841/http://www.nga.gov/cgi-bin/tsearch?artistid=21487
"Leaf, Ruth",https://web.archive.org/web/20121010212841/http://www.nga.gov/cgi-bin/tsearch?artistid=33690
"Leal, Juan de Valdés",https://web.archive.org/web/20121010212841/http://www.nga.gov/cgi-bin/tsearch?artistid=1946
"Léandre, Charles-Lucien",https://web.archive.org/web/20121010212841/http://www.nga.gov/cgi-bin/tsearch?artistid=18401
"Lear, Edward",https://web.archive.org/web/20121010212841/http://www.nga.gov/cgi-bin/tsearch?artistid=4600
"Leavitt, David Franklin",https://web.archive.org/web/20121010212841/http://www.nga.gov/cgi-bin/tsearch?artistid=34633
"Lebas, Gabriel Hippolyte",https://web.archive.org/web/20121010212841/http://www.nga.gov/cgi-bin/tsearch?artistid=34538
"LeBas, Jacques Philippe",https://web.archive.org/web/20121010212841/http://www.nga.gov/cgi-bin/tsearch?artistid=21762
"Lebasque, Henri",https://web.archive.org/web/20121010212841/http://www.nga.gov/cgi-bin/tsearch?artistid=17820
"Lebègue, Léon",https://web.archive.org/web/20121010212841/http://www.nga.gov/cgi-bin/tsearch?artistid=34399
"Lebel, Antoine",https://web.archive.org/web/20121010212841/http://www.nga.gov/cgi-bin/tsearch?artistid=4603
"Lebel, Edmond",https://web.archive.org/web/20121010212841/http://www.nga.gov/cgi-bin/tsearch?artistid=30241
"Lebel, Jean-Jacques",https://web.archive.org/web/20121010212841/http://www.nga.gov/cgi-bin/tsearch?artistid=4604
"Lebel, Jean-Jacques M.",https://web.archive.org/web/20121010212841/http://www.nga.gov/cgi-bin/tsearch?artistid=4604
"Leboit, Joseph",https://web.archive.org/web/20121010212841/http://www.nga.gov/cgi-bin/tsearch?artistid=7759
"Lebourg, Albert",https://web.archive.org/web/20121010212841/http://www.nga.gov/cgi-bin/tsearch?artistid=27538
"Lebrun, Federico",https://web.archive.org/web/20121010212841/http://www.nga.gov/cgi-bin/tsearch?artistid=1474
"Lebrun, Rico",https://web.archive.org/web/20121010212857/http://www.nga.gov/cgi-bin/tsearch?artistid=1474
"Lecavele, Rolland Maurice",https://web.archive.org/web/20121010212857/http://www.nga.gov/cgi-bin/tsearch?artistid=7113
"Lechner, Johann",https://web.archive.org/web/20121010212857/http://www.nga.gov/cgi-bin/tsearch?artistid=4612
"Lechter, Melchior",https://web.archive.org/web/20121010212857/http://www.nga.gov/cgi-bin/tsearch?artistid=22467
"Leclerc, Jean",https://web.archive.org/web/20121010212857/http://www.nga.gov/cgi-bin/tsearch?artistid=4614
"Leclerc, Nicolas",https://web.archive.org/web/20121010212857/http://www.nga.gov/cgi-bin/tsearch?artistid=10838
"Leclere, Achille François René",https://web.archive.org/web/20121010212857/http://www.nga.gov/cgi-bin/tsearch?artistid=11450
"Lecomte, Hippolyte",https://web.archive.org/web/20121010212857/http://www.nga.gov/cgi-bin/tsearch?artistid=4618
Leconte de Lisle,https://web.archive.org/web/20121010212857/http://www.nga.gov/cgi-bin/tsearch?artistid=7030
"Leconte de Lisle, Charles-Marie-Rene",https://web.archive.org/web/20121010212857/http://www.nga.gov/cgi-bin/tsearch?artistid=7030
"Ledin, Eric T.",https://web.archive.org/web/20121010212857/http://www.nga.gov/cgi-bin/tsearch?artistid=35010
"Ledoux, Claude Nicolas",https://web.archive.org/web/20121010212857/http://www.nga.gov/cgi-bin/tsearch?artistid=6827
"Ledy, Ann",https://web.archive.org/web/20121010212857/http://www.nga.gov/cgi-bin/tsearch?artistid=24346
"Lee, C. Milford",https://web.archive.org/web/20121010212857/http://www.nga.gov/cgi-bin/tsearch?artistid=7760
"Lee, Doris",https://web.archive.org/web/20121010212857/http://www.nga.gov/cgi-bin/tsearch?artistid=6502
"Lee, Doris Emrick",https://web.archive.org/web/20121010212857/http://www.nga.gov/cgi-bin/tsearch?artistid=6502
"Lee, Li Lin",https://web.archive.org/web/20121010212857/http://www.nga.gov/cgi-bin/tsearch?artistid=22374
"Lee, Marjorie",https://web.archive.org/web/20121010212857/http://www.nga.gov/cgi-bin/tsearch?artistid=7761
"Lee, Nikki S.",https://web.archive.org/web/20121010212857/http://www.nga.gov/cgi-bin/tsearch?artistid=34794
"Lee, Robert Cranston",https://web.archive.org/web/20121010212857/http://www.nga.gov/cgi-bin/tsearch?artistid=33691
"Lee-Hankey, William",https://web.archive.org/web/20121010212857/http://www.nga.gov/cgi-bin/tsearch?artistid=4619
"Leese, Jason",https://web.archive.org/web/20121010212857/http://www.nga.gov/cgi-bin/tsearch?artistid=4620
"Lee-Smith, Hughie",https://web.archive.org/web/20121010212857/http://www.nga.gov/cgi-bin/tsearch?artistid=34296
"Leeuw, Willem van der",https://web.archive.org/web/20121010212857/http://www.nga.gov/cgi-bin/tsearch?artistid=4622
"Lefebure, Valentin",https://web.archive.org/web/20121010212857/http://www.nga.gov/cgi-bin/tsearch?artistid=30466
"Lefebvre, Claude",https://web.archive.org/web/20121010212857/http://www.nga.gov/cgi-bin/tsearch?artistid=4624
"Lefevere, Jules",https://web.archive.org/web/20121010212857/http://www.nga.gov/cgi-bin/tsearch?artistid=7762
"Lefevre, Adolph-Rene",https://web.archive.org/web/20121010212857/http://www.nga.gov/cgi-bin/tsearch?artistid=4626
"Lefevre, Louis-Joseph",https://web.archive.org/web/20121010212857/http://www.nga.gov/cgi-bin/tsearch?artistid=2615
"Legeay, Jean-Laurent",https://web.archive.org/web/20121010212901/http://www.nga.gov/cgi-bin/tsearch?artistid=4629
"Legendre, Nicolas",https://web.archive.org/web/20121010212901/http://www.nga.gov/cgi-bin/tsearch?artistid=2148
"Léger, Fernand",https://web.archive.org/web/20121010212901/http://www.nga.gov/cgi-bin/tsearch?artistid=1475
"Legoux, L.",https://web.archive.org/web/20121010212901/http://www.nga.gov/cgi-bin/tsearch?artistid=4631
"Legrand, Auguste-Claude-Simon",https://web.archive.org/web/20121010212901/http://www.nga.gov/cgi-bin/tsearch?artistid=4632
"Legrand, Jacques-Guillaume",https://web.archive.org/web/20121010212901/http://www.nga.gov/cgi-bin/tsearch?artistid=21501
"Legrand, Louis",https://web.archive.org/web/20121010212901/http://www.nga.gov/cgi-bin/tsearch?artistid=4633
"Legrand, Louis Auguste Mathieu",https://web.archive.org/web/20121010212901/http://www.nga.gov/cgi-bin/tsearch?artistid=4633
"Legrand, Louis-Claude",https://web.archive.org/web/20121010212901/http://www.nga.gov/cgi-bin/tsearch?artistid=4634
"Legros, Alphonse",https://web.archive.org/web/20121010212901/http://www.nga.gov/cgi-bin/tsearch?artistid=1476
"Legros I, Pierre",https://web.archive.org/web/20121010212901/http://www.nga.gov/cgi-bin/tsearch?artistid=2149
"Leheutre, Gustave",https://web.archive.org/web/20121010212901/http://www.nga.gov/cgi-bin/tsearch?artistid=4636
"Lehman, Harold",https://web.archive.org/web/20121010212901/http://www.nga.gov/cgi-bin/tsearch?artistid=7763
"Lehman, Irving G.",https://web.archive.org/web/20121010212901/http://www.nga.gov/cgi-bin/tsearch?artistid=33692
"Lehman, Wendy",https://web.archive.org/web/20121010212901/http://www.nga.gov/cgi-bin/tsearch?artistid=25132
"Lehmann, Arthur",https://web.archive.org/web/20121010212901/http://www.nga.gov/cgi-bin/tsearch?artistid=33693
"Lehmbruck, Wilhelm",https://web.archive.org/web/20121010212901/http://www.nga.gov/cgi-bin/tsearch?artistid=2150
"Lehmden, Anton",https://web.archive.org/web/20121010212901/http://www.nga.gov/cgi-bin/tsearch?artistid=4637
"Lehrer, Leonard",https://web.archive.org/web/20121010212901/http://www.nga.gov/cgi-bin/tsearch?artistid=2617
"Lehrer, Ruth",https://web.archive.org/web/20121010212901/http://www.nga.gov/cgi-bin/tsearch?artistid=2500
"Leiber, Gerson August",https://web.archive.org/web/20121010212901/http://www.nga.gov/cgi-bin/tsearch?artistid=4638
"Leibl, Wilhelm",https://web.archive.org/web/20121010212901/http://www.nga.gov/cgi-bin/tsearch?artistid=23753
"Leibovitz, Freda",https://web.archive.org/web/20121010212901/http://www.nga.gov/cgi-bin/tsearch?artistid=33694
"Leich, Chester",https://web.archive.org/web/20121010212901/http://www.nga.gov/cgi-bin/tsearch?artistid=33695
"Leigh, Howard",https://web.archive.org/web/20121010212901/http://www.nga.gov/cgi-bin/tsearch?artistid=33696
"Leighton, Clare",https://web.archive.org/web/20121010212901/http://www.nga.gov/cgi-bin/tsearch?artistid=4639
"Leighton, Clare Veronica Hope",https://web.archive.org/web/20121010212901/http://www.nga.gov/cgi-bin/tsearch?artistid=4639
"Leighton, Frederic Baron of Stretton",https://web.archive.org/web/20121010212901/http://www.nga.gov/cgi-bin/tsearch?artistid=9849
"Leighton, Frederic, Lord",https://web.archive.org/web/20121010212901/http://www.nga.gov/cgi-bin/tsearch?artistid=9849
"Leighton, Lord",https://web.archive.org/web/20121010212739/http://www.nga.gov/cgi-bin/tsearch?artistid=9849
"Leinberger, Hans",https://web.archive.org/web/20121010212739/http://www.nga.gov/cgi-bin/tsearch?artistid=4640
"Leitch, William Leighton",https://web.archive.org/web/20121010212739/http://www.nga.gov/cgi-bin/tsearch?artistid=9850
"Leitenstorffer, Franz Anton von",https://web.archive.org/web/20121010212739/http://www.nga.gov/cgi-bin/tsearch?artistid=21150
"Leiter, Saul",https://web.archive.org/web/20121010212739/http://www.nga.gov/cgi-bin/tsearch?artistid=30157
"Leithauser, Mark Alan",https://web.archive.org/web/20121010212739/http://www.nga.gov/cgi-bin/tsearch?artistid=4641
"Leitner, Johann Sebastian",https://web.archive.org/web/20121010212739/http://www.nga.gov/cgi-bin/tsearch?artistid=5649
"Leleu, Jean-François",https://web.archive.org/web/20121010212739/http://www.nga.gov/cgi-bin/tsearch?artistid=2316
"Lelu, Pierre",https://web.archive.org/web/20121010212739/http://www.nga.gov/cgi-bin/tsearch?artistid=32843
"Lely, Peter, Sir",https://web.archive.org/web/20121010212739/http://www.nga.gov/cgi-bin/tsearch?artistid=1477
"Lemberg, Gertrude",https://web.archive.org/web/20121010212739/http://www.nga.gov/cgi-bin/tsearch?artistid=7764
"Lemcke, Dietmar",https://web.archive.org/web/20121010212739/http://www.nga.gov/cgi-bin/tsearch?artistid=4643
"Lemcke, Lloyd Charles",https://web.archive.org/web/20121010212739/http://www.nga.gov/cgi-bin/tsearch?artistid=7765
"Lemerre, Alphonse",https://web.archive.org/web/20121010212739/http://www.nga.gov/cgi-bin/tsearch?artistid=7160
"Lemmon, Warren W.",https://web.archive.org/web/20121010212739/http://www.nga.gov/cgi-bin/tsearch?artistid=7766
"Lemoine, Jacques Antoine Marie",https://web.archive.org/web/20121010212739/http://www.nga.gov/cgi-bin/tsearch?artistid=4648
"Lemon, Heidijo",https://web.archive.org/web/20121010212739/http://www.nga.gov/cgi-bin/tsearch?artistid=24536
"Lemon, Jack",https://web.archive.org/web/20121010212739/http://www.nga.gov/cgi-bin/tsearch?artistid=5789
"Lemonnier, Anicet-Charles-Gabriel",https://web.archive.org/web/20121010212739/http://www.nga.gov/cgi-bin/tsearch?artistid=15000
"Lemoyne, Jean-Louis",https://web.archive.org/web/20121010212739/http://www.nga.gov/cgi-bin/tsearch?artistid=2152
"Lemoyne II, Jean-Baptiste",https://web.archive.org/web/20121010212739/http://www.nga.gov/cgi-bin/tsearch?artistid=5650
"Lempereur, Louis-Simon",https://web.archive.org/web/20121010212739/http://www.nga.gov/cgi-bin/tsearch?artistid=4650
"Lenardi, Giovanni Battista",https://web.archive.org/web/20121010212739/http://www.nga.gov/cgi-bin/tsearch?artistid=11975
"Lenfant, Jean",https://web.archive.org/web/20121010212739/http://www.nga.gov/cgi-bin/tsearch?artistid=5980
"L'Engle, Lucy B.",https://web.archive.org/web/20121010212739/http://www.nga.gov/cgi-bin/tsearch?artistid=33697
"Lens, Bernard",https://web.archive.org/web/20121010212739/http://www.nga.gov/cgi-bin/tsearch?artistid=23288
"Lens, Bernard II",https://web.archive.org/web/20121010212739/http://www.nga.gov/cgi-bin/tsearch?artistid=23288
"Lenson, Michael",https://web.archive.org/web/20121010212739/http://www.nga.gov/cgi-bin/tsearch?artistid=33698
"Lent, Harlow",https://web.archive.org/web/20121010212739/http://www.nga.gov/cgi-bin/tsearch?artistid=33699
"Lentz, Elizabeth",https://web.archive.org/web/20121010212758/http://www.nga.gov/cgi-bin/tsearch?artistid=33576
"Leonardi, Giovanni Battista",https://web.archive.org/web/20121010212758/http://www.nga.gov/cgi-bin/tsearch?artistid=11975
Leonardo,https://web.archive.org/web/20121010212758/http://www.nga.gov/cgi-bin/tsearch?artistid=1479
Leonardo da Vinci,https://web.archive.org/web/20121010212758/http://www.nga.gov/cgi-bin/tsearch?artistid=1479
"Leone, Andrea di",https://web.archive.org/web/20121010212758/http://www.nga.gov/cgi-bin/tsearch?artistid=2619
"Leone, Michael",https://web.archive.org/web/20121010212758/http://www.nga.gov/cgi-bin/tsearch?artistid=34634
Leone Aretino,https://web.archive.org/web/20121010212758/http://www.nga.gov/cgi-bin/tsearch?artistid=2153
"Leoni, Giacomo",https://web.archive.org/web/20121010212758/http://www.nga.gov/cgi-bin/tsearch?artistid=4652
"Leoni, James",https://web.archive.org/web/20121010212758/http://www.nga.gov/cgi-bin/tsearch?artistid=4652
"Leoni, Leone",https://web.archive.org/web/20121010212758/http://www.nga.gov/cgi-bin/tsearch?artistid=2153
"Leoni, Ottavio",https://web.archive.org/web/20121010212758/http://www.nga.gov/cgi-bin/tsearch?artistid=2620
"Leoni, Pompeo",https://web.archive.org/web/20121010212758/http://www.nga.gov/cgi-bin/tsearch?artistid=2154
Leoni de Marsari,https://web.archive.org/web/20121010212758/http://www.nga.gov/cgi-bin/tsearch?artistid=2620
Leonid,https://web.archive.org/web/20121010212758/http://www.nga.gov/cgi-bin/tsearch?artistid=1480
"Leopardi, Alessandro",https://web.archive.org/web/20121010212758/http://www.nga.gov/cgi-bin/tsearch?artistid=5536
Leopold,https://web.archive.org/web/20121010212758/http://www.nga.gov/cgi-bin/tsearch?artistid=34535
"Lepautre, Antoine",https://web.archive.org/web/20121010212758/http://www.nga.gov/cgi-bin/tsearch?artistid=11556
"Lepautre, Jacques",https://web.archive.org/web/20121010212758/http://www.nga.gov/cgi-bin/tsearch?artistid=4653
"Lepautre, Jean",https://web.archive.org/web/20121010212758/http://www.nga.gov/cgi-bin/tsearch?artistid=4654
"Lepautre, Pierre",https://web.archive.org/web/20121010212758/http://www.nga.gov/cgi-bin/tsearch?artistid=4655
"Lepeintre, Charles",https://web.archive.org/web/20121010212758/http://www.nga.gov/cgi-bin/tsearch?artistid=4656
"Lepère, Auguste",https://web.archive.org/web/20121010212758/http://www.nga.gov/cgi-bin/tsearch?artistid=2622
"Lepère, Auguste Louis",https://web.archive.org/web/20121010212758/http://www.nga.gov/cgi-bin/tsearch?artistid=2622
"Lepère, Jean",https://web.archive.org/web/20121010212758/http://www.nga.gov/cgi-bin/tsearch?artistid=14275
"Lepère, Louis",https://web.archive.org/web/20121010212758/http://www.nga.gov/cgi-bin/tsearch?artistid=2155
"Lepic, Ludovic Napoléon, Vicomte",https://web.archive.org/web/20121010212758/http://www.nga.gov/cgi-bin/tsearch?artistid=4657
"Lepicie, Bernard",https://web.archive.org/web/20121010212758/http://www.nga.gov/cgi-bin/tsearch?artistid=4658
"Lepicie, Francois Bernard",https://web.archive.org/web/20121010212758/http://www.nga.gov/cgi-bin/tsearch?artistid=4658
"Lepicie, Renee Elisabeth",https://web.archive.org/web/20121010212758/http://www.nga.gov/cgi-bin/tsearch?artistid=4659
"Lépine, C.",https://web.archive.org/web/20121010212944/http://www.nga.gov/cgi-bin/tsearch?artistid=34371
"Lépine, Stanislas",https://web.archive.org/web/20121010212944/http://www.nga.gov/cgi-bin/tsearch?artistid=1481
"Lépine, Stanislas Victor Edmond",https://web.archive.org/web/20121010212944/http://www.nga.gov/cgi-bin/tsearch?artistid=1481
"Lépine, Stanislas Victor Edouard",https://web.archive.org/web/20121010212944/http://www.nga.gov/cgi-bin/tsearch?artistid=1481
"Leporsky, Marianna",https://web.archive.org/web/20121010212944/http://www.nga.gov/cgi-bin/tsearch?artistid=17484
"Lerman, Leonid",https://web.archive.org/web/20121010212944/http://www.nga.gov/cgi-bin/tsearch?artistid=27216
Lerman Graphics,https://web.archive.org/web/20121010212944/http://www.nga.gov/cgi-bin/tsearch?artistid=19826
"Lermond, Charles C.E.",https://web.archive.org/web/20121010212944/http://www.nga.gov/cgi-bin/tsearch?artistid=1482
"Lerner, Jill",https://web.archive.org/web/20121010212944/http://www.nga.gov/cgi-bin/tsearch?artistid=17574
"Lerolle, Henri",https://web.archive.org/web/20121010212944/http://www.nga.gov/cgi-bin/tsearch?artistid=21941
"Leroy, L. Archier",https://web.archive.org/web/20121010212944/http://www.nga.gov/cgi-bin/tsearch?artistid=10106
"Lese, Benozzo di",https://web.archive.org/web/20121010212944/http://www.nga.gov/cgi-bin/tsearch?artistid=1355
"Leslie, Alfred",https://web.archive.org/web/20121010212944/http://www.nga.gov/cgi-bin/tsearch?artistid=6552
"Leslie, Cecil Mary",https://web.archive.org/web/20121010212944/http://www.nga.gov/cgi-bin/tsearch?artistid=6604
L'Esperance (pseud.),https://web.archive.org/web/20121010212944/http://www.nga.gov/cgi-bin/tsearch?artistid=5052
"Lespiller, Carl Albert von",https://web.archive.org/web/20121010212944/http://www.nga.gov/cgi-bin/tsearch?artistid=11459
"Lesser, Rudi",https://web.archive.org/web/20121010212944/http://www.nga.gov/cgi-bin/tsearch?artistid=4687
"Lester, William Lewis",https://web.archive.org/web/20121010212944/http://www.nga.gov/cgi-bin/tsearch?artistid=33700
"L'Estoile, Pierre de",https://web.archive.org/web/20121010212944/http://www.nga.gov/cgi-bin/tsearch?artistid=7031
"L'Estrange, Roger, Sir",https://web.archive.org/web/20121010212944/http://www.nga.gov/cgi-bin/tsearch?artistid=18954
"Lesueur, Charles Alexandre",https://web.archive.org/web/20121010212944/http://www.nga.gov/cgi-bin/tsearch?artistid=4688
"LeSueur, Mac",https://web.archive.org/web/20121010212944/http://www.nga.gov/cgi-bin/tsearch?artistid=34248
"Lesueur, Nicolas",https://web.archive.org/web/20121010212944/http://www.nga.gov/cgi-bin/tsearch?artistid=5715
"Leszczynski, Stanislaw, King of Poland",https://web.archive.org/web/20121010212944/http://www.nga.gov/cgi-bin/tsearch?artistid=11440
"Leszczynski, King of Poland, Stanislaw",https://web.archive.org/web/20121010212944/http://www.nga.gov/cgi-bin/tsearch?artistid=11440
"Letarouilly, Paul Marie",https://web.archive.org/web/20121010212944/http://www.nga.gov/cgi-bin/tsearch?artistid=11352
"Lethbridge, Julian",https://web.archive.org/web/20121010212944/http://www.nga.gov/cgi-bin/tsearch?artistid=14190
"Lethière, Guillaume",https://web.archive.org/web/20121010212944/http://www.nga.gov/cgi-bin/tsearch?artistid=22939
Lethiers,https://web.archive.org/web/20121010212944/http://www.nga.gov/cgi-bin/tsearch?artistid=22939
Letiers,https://web.archive.org/web/20121010212837/http://www.nga.gov/cgi-bin/tsearch?artistid=22939
"Leu, Thomas de",https://web.archive.org/web/20121010212837/http://www.nga.gov/cgi-bin/tsearch?artistid=6265
"Leuczellburger, Hans",https://web.archive.org/web/20121010212837/http://www.nga.gov/cgi-bin/tsearch?artistid=4769
"Leutze, Emanuel Gottlieb",https://web.archive.org/web/20121010212837/http://www.nga.gov/cgi-bin/tsearch?artistid=2624
"Leutzsch, Gustav",https://web.archive.org/web/20121010212837/http://www.nga.gov/cgi-bin/tsearch?artistid=4691
"Levachez, Charles Francois Gabriel",https://web.archive.org/web/20121010212837/http://www.nga.gov/cgi-bin/tsearch?artistid=4692
"Levasseur, Jean Charles",https://web.archive.org/web/20121010212837/http://www.nga.gov/cgi-bin/tsearch?artistid=4694
"Levee, John H.",https://web.archive.org/web/20121010212837/http://www.nga.gov/cgi-bin/tsearch?artistid=5790
"Léveillé, Auguste-Hilaire",https://web.archive.org/web/20121010212837/http://www.nga.gov/cgi-bin/tsearch?artistid=22057
"Léveillé, Jean-Augustin",https://web.archive.org/web/20121010212837/http://www.nga.gov/cgi-bin/tsearch?artistid=4696
"Lever, Richard Hayley",https://web.archive.org/web/20121010212837/http://www.nga.gov/cgi-bin/tsearch?artistid=33701
"Lévesque, Jacques-Henry",https://web.archive.org/web/20121010212837/http://www.nga.gov/cgi-bin/tsearch?artistid=21199
"Levesque, Pierre Charles",https://web.archive.org/web/20121010212837/http://www.nga.gov/cgi-bin/tsearch?artistid=4697
"Levey, Milton",https://web.archive.org/web/20121010212837/http://www.nga.gov/cgi-bin/tsearch?artistid=33702
"Levi, Josef",https://web.archive.org/web/20121010212837/http://www.nga.gov/cgi-bin/tsearch?artistid=19995
"Levi, Julian",https://web.archive.org/web/20121010212837/http://www.nga.gov/cgi-bin/tsearch?artistid=33703
"Levin, Allen",https://web.archive.org/web/20121010212837/http://www.nga.gov/cgi-bin/tsearch?artistid=19842
"Levin, Morton D.",https://web.archive.org/web/20121010212837/http://www.nga.gov/cgi-bin/tsearch?artistid=33704
"Levine, Jack",https://web.archive.org/web/20121010212837/http://www.nga.gov/cgi-bin/tsearch?artistid=6282
"Levine, Jill",https://web.archive.org/web/20121010212837/http://www.nga.gov/cgi-bin/tsearch?artistid=20475
"Levine, Sherrie",https://web.archive.org/web/20121010212837/http://www.nga.gov/cgi-bin/tsearch?artistid=20082
"Levine, Tom",https://web.archive.org/web/20121010212837/http://www.nga.gov/cgi-bin/tsearch?artistid=24347
"Levinson, Mon",https://web.archive.org/web/20121010212837/http://www.nga.gov/cgi-bin/tsearch?artistid=1483
"Levinstein, Leon",https://web.archive.org/web/20121010212837/http://www.nga.gov/cgi-bin/tsearch?artistid=24671
"Levinthal, David",https://web.archive.org/web/20121010212837/http://www.nga.gov/cgi-bin/tsearch?artistid=29793
"Levit, Herschel",https://web.archive.org/web/20121010212837/http://www.nga.gov/cgi-bin/tsearch?artistid=33705
"Levitt, Helen",https://web.archive.org/web/20121010212837/http://www.nga.gov/cgi-bin/tsearch?artistid=16230
"Levone, Albert",https://web.archive.org/web/20121010212837/http://www.nga.gov/cgi-bin/tsearch?artistid=7767
"Levrac-Tournieres, Robert",https://web.archive.org/web/20121010212837/http://www.nga.gov/cgi-bin/tsearch?artistid=6786
"Levy, Beatrice S.",https://web.archive.org/web/20121010212753/http://www.nga.gov/cgi-bin/tsearch?artistid=4699
"Levy, E.",https://web.archive.org/web/20121010212753/http://www.nga.gov/cgi-bin/tsearch?artistid=23810
"Lévy, E.",https://web.archive.org/web/20121010212753/http://www.nga.gov/cgi-bin/tsearch?artistid=23810
"Levy, Edgar W.",https://web.archive.org/web/20121010212753/http://www.nga.gov/cgi-bin/tsearch?artistid=33706
"Levy, Emile",https://web.archive.org/web/20121010212753/http://www.nga.gov/cgi-bin/tsearch?artistid=6800
"Levy, Julien",https://web.archive.org/web/20121010212753/http://www.nga.gov/cgi-bin/tsearch?artistid=10409
"Levy-Dhurmer, Lucien",https://web.archive.org/web/20121010212753/http://www.nga.gov/cgi-bin/tsearch?artistid=23107
"Lewandowski, Edmund D.",https://web.archive.org/web/20121010212753/http://www.nga.gov/cgi-bin/tsearch?artistid=33707
"Lewandowski, Joe",https://web.archive.org/web/20121010212753/http://www.nga.gov/cgi-bin/tsearch?artistid=26033
"Lewin, Ruth L.",https://web.archive.org/web/20121010212753/http://www.nga.gov/cgi-bin/tsearch?artistid=33708
